{
  "1": {
    "horizon": 1,
    "bias_magnitude": 0.130918,
    "bias_magnitude_std": 0.006110060556164721,
    "bias_magnitude_ci95": 0.00437087401485939,
    "bias_std": 0.0606113700393915,
    "bias_std_std": 0.0038620003377575485,
    "bias_std_ci95": 0.0027627086125441634,
    "mean_harm": 0.11212993577018122,
    "mean_harm_std": 0.005097265834347712,
    "mean_harm_ci95": 0.003646364316259053,
    "max_harm": 0.2244985394858196,
    "max_harm_std": 0.015032797931088549,
    "max_harm_ci95": 0.010753815816331423,
    "disparate_impact_ratio": 0.8542649256346152,
    "disparate_impact_ratio_std": 0.00675962994400421,
    "disparate_impact_ratio_ci95": 0.0048355479623689865,
    "cohens_d": 2.503050003263675,
    "cohens_d_std": 0.18133039391992328,
    "cohens_d_ci95": 0.1297159495562032,
    "ingroup_rate": 0.898322,
    "ingroup_rate_std": 0.003317823248925568,
    "ingroup_rate_ci95": 0.002373427773967576,
    "outgroup_rate": 0.767404,
    "outgroup_rate_std": 0.006573291412983302,
    "outgroup_rate_ci95": 0.004702249407351458,
    "equal_opportunity_diff": 0.8447053321560467,
    "equal_opportunity_diff_std": 0.05011692111994179,
    "equal_opportunity_diff_ci95": 0.035851485630023244,
    "predictive_parity_diff": 0.003938382486710768,
    "predictive_parity_diff_std": 0.05416657134961807,
    "predictive_parity_diff_ci95": 0.03874843088865944,
    "significant": true,
    "sig_fraction": 1.0,
    "p_value": 6.094853455997254e-39,
    "t_statistic": 21.599952916972825
  },
  "3": {
    "horizon": 3,
    "bias_magnitude": 0.12766400000000003,
    "bias_magnitude_std": 0.006889314108740352,
    "bias_magnitude_ci95": 0.004928318425210316,
    "bias_std": 0.0631798640257626,
    "bias_std_std": 0.0043250564140379436,
    "bias_std_ci95": 0.0030939589745712075,
    "mean_harm": 0.10956258801628907,
    "mean_harm_std": 0.006021563232787542,
    "mean_harm_ci95": 0.004307566843420042,
    "max_harm": 0.23194335827422097,
    "max_harm_std": 0.012587663068536321,
    "max_harm_ci95": 0.009004671706331836,
    "disparate_impact_ratio": 0.8581887540216003,
    "disparate_impact_ratio_std": 0.007891135258079019,
    "disparate_impact_ratio_ci95": 0.005644978102954906,
    "cohens_d": 2.31010795310488,
    "cohens_d_std": 0.14483212341391755,
    "cohens_d_ci95": 0.10360665969310145,
    "ingroup_rate": 0.9003140000000002,
    "ingroup_rate_std": 0.0037171440650047636,
    "ingroup_rate_ci95": 0.0026590846774547285,
    "outgroup_rate": 0.7726500000000001,
    "outgroup_rate_std": 0.008868537396637403,
    "outgroup_rate_ci95": 0.006344169472700418,
    "equal_opportunity_diff": 0.8177339742734814,
    "equal_opportunity_diff_std": 0.044669672834949055,
    "equal_opportunity_diff_ci95": 0.03195475895072055,
    "predictive_parity_diff": -0.027513960535160788,
    "predictive_parity_diff_std": 0.01634318614952304,
    "predictive_parity_diff_ci95": 0.01169121107791429,
    "significant": true,
    "sig_fraction": 1.0,
    "p_value": 7.964589383078888e-37,
    "t_statistic": 20.162997301639706
  },
  "5": {
    "horizon": 5,
    "bias_magnitude": 0.13610800000000003,
    "bias_magnitude_std": 0.004608650802807922,
    "bias_magnitude_ci95": 0.0032968301790773542,
    "bias_std": 0.06995025492919886,
    "bias_std_std": 0.004358704616446825,
    "bias_std_ci95": 0.003118029448538494,
    "mean_harm": 0.11490736496735239,
    "mean_harm_std": 0.00418358473995718,
    "mean_harm_ci95": 0.002992756235515802,
    "max_harm": 0.2549858197501559,
    "max_harm_std": 0.019111093202025815,
    "max_harm_ci95": 0.013671252503055982,
    "disparate_impact_ratio": 0.8488522437003416,
    "disparate_impact_ratio_std": 0.00557039661419148,
    "disparate_impact_ratio_ci95": 0.003984821687055941,
    "cohens_d": 2.389313332129766,
    "cohens_d_std": 0.12724474895131102,
    "cohens_d_ci95": 0.09102540991307291,
    "ingroup_rate": 0.900592,
    "ingroup_rate_std": 0.004323395784694145,
    "ingroup_rate_ci95": 0.003092771031901834,
    "outgroup_rate": 0.7644839999999998,
    "outgroup_rate_std": 0.007956983236266204,
    "outgroup_rate_ci95": 0.005692082908896478,
    "equal_opportunity_diff": 0.8520799894815649,
    "equal_opportunity_diff_std": 0.043728007327762594,
    "equal_opportunity_diff_ci95": 0.031281132027023706,
    "predictive_parity_diff": -0.01812937001020498,
    "predictive_parity_diff_std": 0.03701265954860366,
    "predictive_parity_diff_ci95": 0.0264772616170889,
    "significant": true,
    "sig_fraction": 1.0,
    "p_value": 8.396374943382896e-36,
    "t_statistic": 19.423734417120194
  },
  "10": {
    "horizon": 10,
    "bias_magnitude": 0.129766,
    "bias_magnitude_std": 0.009294710801788775,
    "bias_magnitude_ci95": 0.006649035561224021,
    "bias_std": 0.07635747323168858,
    "bias_std_std": 0.005324684828644868,
    "bias_std_ci95": 0.0038090500643824464,
    "mean_harm": 0.11092786171807345,
    "mean_harm_std": 0.00811889374553202,
    "mean_harm_ci95": 0.00580790670985187,
    "max_harm": 0.2683973347232259,
    "max_harm_std": 0.02880421528552207,
    "max_harm_ci95": 0.020605294326073113,
    "disparate_impact_ratio": 0.8559014097713978,
    "disparate_impact_ratio_std": 0.01051432077194898,
    "disparate_impact_ratio_ci95": 0.007521491975990355,
    "cohens_d": 2.1259724323656366,
    "cohens_d_std": 0.19774010340864132,
    "cohens_d_ci95": 0.14145474856422002,
    "ingroup_rate": 0.90062,
    "ingroup_rate_std": 0.0033353460590069676,
    "ingroup_rate_ci95": 0.0023859628371716273,
    "outgroup_rate": 0.7708539999999999,
    "outgroup_rate_std": 0.01087878281590152,
    "outgroup_rate_ci95": 0.007782212416102431,
    "equal_opportunity_diff": 0.8024125694921371,
    "equal_opportunity_diff_std": 0.03857254673325748,
    "equal_opportunity_diff_ci95": 0.02759313768719372,
    "predictive_parity_diff": -0.009433624707260302,
    "predictive_parity_diff_std": 0.045240627553447106,
    "predictive_parity_diff_ci95": 0.03236319535160476,
    "significant": true,
    "sig_fraction": 1.0,
    "p_value": 1.6216098865633958e-31,
    "t_statistic": 16.95790535851574
  },
  "20": {
    "horizon": 20,
    "bias_magnitude": 0.13687200000000002,
    "bias_magnitude_std": 0.006338497543670031,
    "bias_magnitude_ci95": 0.004534287991454486,
    "bias_std": 0.08542430150780864,
    "bias_std_std": 0.002635111615390008,
    "bias_std_ci95": 0.0018850452921193323,
    "mean_harm": 0.11568358733013281,
    "mean_harm_std": 0.005159333059559851,
    "mean_harm_ci95": 0.0036907645344500905,
    "max_harm": 0.278839266583285,
    "max_harm_std": 0.026743609185298296,
    "max_harm_ci95": 0.019131225521756334,
    "disparate_impact_ratio": 0.848180691516708,
    "disparate_impact_ratio_std": 0.007177756709448566,
    "disparate_impact_ratio_ci95": 0.005134657831608174,
    "cohens_d": 2.067786505754392,
    "cohens_d_std": 0.10170450127082468,
    "cohens_d_ci95": 0.07275501735418433,
    "ingroup_rate": 0.901584,
    "ingroup_rate_std": 0.0033854696047143514,
    "ingroup_rate_ci95": 0.0024218190617460262,
    "outgroup_rate": 0.7647120000000001,
    "outgroup_rate_std": 0.007736322410838711,
    "outgroup_rate_ci95": 0.005534231663545833,
    "equal_opportunity_diff": 0.8084862326706569,
    "equal_opportunity_diff_std": 0.026453652315636712,
    "equal_opportunity_diff_ci95": 0.01892380287260516,
    "predictive_parity_diff": 0.04106568231723941,
    "predictive_parity_diff_std": 0.08019846280684959,
    "predictive_parity_diff_ci95": 0.057370524218528875,
    "significant": true,
    "sig_fraction": 1.0,
    "p_value": 8.129999444329665e-29,
    "t_statistic": 15.958696571247021
  },
  "50": {
    "horizon": 50,
    "bias_magnitude": 0.143082,
    "bias_magnitude_std": 0.012004734066192381,
    "bias_magnitude_ci95": 0.008587669418804204,
    "bias_std": 0.11059308887214828,
    "bias_std_std": 0.009523053532064727,
    "bias_std_ci95": 0.006812382110259155,
    "mean_harm": 0.12240851300393932,