{
  "customer_service": {
    "domain": "customer_service",
    "stakes": 0.3,
    "harm_weight": 0.3,
    "complexity": 0.4,
    "feedback_strength": 0.2,
    "bias_magnitude": 0.08055999999999999,
    "bias_magnitude_std": 0.006734263962090523,
    "bias_magnitude_ci95": 0.004817402232029855,
    "bias_std": 0.06534528699753733,
    "bias_std_std": 0.003871345905708142,
    "bias_std_ci95": 0.0027693940291180037,
    "mean_harm": 0.007233289142847206,
    "mean_harm_std": 0.0004793873828004191,
    "mean_harm_ci95": 0.0003429330749299557,
    "max_harm": 0.01983953388002579,
    "max_harm_std": 0.002039144230480902,
    "max_harm_ci95": 0.0014587159075807922,
    "disparate_impact_ratio": 0.9052962899665999,
    "disparate_impact_ratio_std": 0.0078011800147052,
    "disparate_impact_ratio_ci95": 0.005580627998377584,
    "cohens_d": 1.4978918636190857,
    "cohens_d_std": 0.1555324030974032,
    "cohens_d_ci95": 0.11126117866068964,
    "ingroup_rate": 0.8505800000000001,
    "ingroup_rate_std": 0.0036984921852620412,
    "ingroup_rate_ci95": 0.002645741926471108,
    "outgroup_rate": 0.7700200000000001,
    "outgroup_rate_std": 0.006579138748093641,
    "outgroup_rate_ci95": 0.004706432338904267,
    "equal_opportunity_diff": 0.672408172582846,
    "equal_opportunity_diff_std": 0.07023084891984854,
    "equal_opportunity_diff_ci95": 0.05024012278823739,
    "predictive_parity_diff": 0.028713701277529556,
    "predictive_parity_diff_std": 0.03865042680233579,
    "predictive_parity_diff_ci95": 0.027648849732447734,
    "significant": true,
    "sig_fraction": 1.0,
    "p_value": 1.3818371327086333e-21,
    "t_statistic": 12.304833831897085
  },
  "healthcare_triage": {
    "domain": "healthcare_triage",
    "stakes": 0.95,
    "harm_weight": 0.9,
    "complexity": 0.7,
    "feedback_strength": 0.8,
    "bias_magnitude": 0.13646600000000003,
    "bias_magnitude_std": 0.00692950567420857,
    "bias_magnitude_ci95": 0.004957069739130487,
    "bias_std": 0.07562168356244095,
    "bias_std_std": 0.005320356627776187,
    "bias_std_ci95": 0.003805953856000531,
    "mean_harm": 0.11548841978005989,
    "mean_harm_std": 0.004946852953487536,
    "mean_harm_ci95": 0.003538765423186125,
    "max_harm": 0.270869114912113,
    "max_harm_std": 0.025862572618636476,
    "max_harm_ci95": 0.018500969929366548,
    "disparate_impact_ratio": 0.8485200540888711,
    "disparate_impact_ratio_std": 0.007759886020670651,
    "disparate_impact_ratio_ci95": 0.005551088054569127,
    "cohens_d": 2.270798712950971,
    "cohens_d_std": 0.1335499454433213,
    "cohens_d_ci95": 0.09553587576724593,
    "ingroup_rate": 0.9009120000000002,
    "ingroup_rate_std": 0.0029766379244599373,
    "ingroup_rate_ci95": 0.0021293584958892143,
    "outgroup_rate": 0.7644459999999998,
    "outgroup_rate_std": 0.007903709677529076,
    "outgroup_rate_ci95": 0.0056539733007473,
    "equal_opportunity_diff": 0.8247708958655879,
    "equal_opportunity_diff_std": 0.03998056634565844,
    "equal_opportunity_diff_ci95": 0.02860037424069177,
    "predictive_parity_diff": -0.006919187484839851,
    "predictive_parity_diff_std": 0.03440086154928168,
    "predictive_parity_diff_ci95": 0.02460889388122739,
    "significant": true,
    "sig_fraction": 1.0,
    "p_value": 4.9007365423258e-34,
    "t_statistic": 18.029767447510142
  },
  "content_moderation": {
    "domain": "content_moderation",
    "stakes": 0.6,
    "harm_weight": 0.5,
    "complexity": 0.5,
    "feedback_strength": 0.3,
    "bias_magnitude": 0.11465999999999998,
    "bias_magnitude_std": 0.011043920398924375,
    "bias_magnitude_ci95": 0.007900344726556053,
    "bias_std": 0.07030059005257813,
    "bias_std_std": 0.0041777290826680484,
    "bias_std_ci95": 0.0029885673506349205,
    "mean_harm": 0.03455938547161404,
    "mean_harm_std": 0.0027122553035573683,
    "mean_harm_ci95": 0.0019402305622032644,
    "max_harm": 0.08722380527129744,
    "max_harm_std": 0.007330466628332498,
    "max_harm_ci95": 0.005243899926694714,
    "disparate_impact_ratio": 0.8470399869788172,
    "disparate_impact_ratio_std": 0.014751663723374626,
    "disparate_impact_ratio_ci95": 0.010552704519333706,
    "cohens_d": 1.957211801524687,
    "cohens_d_std": 0.23950598452409774,
    "cohens_d_ci95": 0.17133226005484978,
    "ingroup_rate": 0.7496219999999999,
    "ingroup_rate_std": 0.0026523356583291764,
    "ingroup_rate_ci95": 0.0018973666301849062,
    "outgroup_rate": 0.634962,
    "outgroup_rate_std": 0.011422688728043801,
    "outgroup_rate_ci95": 0.008171299266561299,
    "equal_opportunity_diff": 0.7563348888450159,
    "equal_opportunity_diff_std": 0.05267553765493575,
    "equal_opportunity_diff_ci95": 0.03768180963810713,
    "predictive_parity_diff": -0.004559362589906047,
    "predictive_parity_diff_std": 0.04793756902830972,
    "predictive_parity_diff_ci95": 0.03429247106069411,
    "significant": true,
    "sig_fraction": 1.0,
    "p_value": 4.341080253508318e-30,
    "t_statistic": 16.262993095948083
  },
  "education": {
    "domain": "education",
    "stakes": 0.7,
    "harm_weight": 0.7,
    "complexity": 0.6,
    "feedback_strength": 0.5,
    "bias_magnitude": 0.13286599999999998,
    "bias_magnitude_std": 0.006948893117292532,
    "bias_magnitude_ci95": 0.004970938680430056,
    "bias_std": 0.07122381901755345,
    "bias_std_std": 0.0035168237808175743,
    "bias_std_ci95": 0.0025157841787518754,
    "mean_harm": 0.06599061027962047,
    "mean_harm_std": 0.002788510195431227,
    "mean_harm_ci95": 0.0019947800257206234,
    "max_harm": 0.15008700531468358,
    "max_harm_std": 0.01751177384465115,
    "max_harm_ci95": 0.01252716835587718,
    "disparate_impact_ratio": 0.8483061460070603,
    "disparate_impact_ratio_std": 0.007828671534595662,
    "disparate_impact_ratio_ci95": 0.005600294246987341,
    "cohens_d": 2.2855493504705673,
    "cohens_d_std": 0.1690652928135215,
    "cohens_d_ci95": 0.12094202477709347,
    "ingroup_rate": 0.875864,
    "ingroup_rate_std": 0.003143625649186323,
    "ingroup_rate_ci95": 0.0022488143179875144,
    "outgroup_rate": 0.742998,
    "outgroup_rate_std": 0.007040653063143794,
    "outgroup_rate_ci95": 0.005036579791387872,
    "equal_opportunity_diff": 0.8050257288937948,
    "equal_opportunity_diff_std": 0.040831931753104136,
    "equal_opportunity_diff_ci95": 0.029209404364427625,
    "predictive_parity_diff": -0.009968768916028525,
    "predictive_parity_diff_std": 0.04037214330860294,
    "predictive_parity_diff_ci95": 0.028880491525360062,
    "significant": true,
    "sig_fraction": 1.0,
    "p_value": 8.1756741213705e-34,
    "t_statistic": 18.613478432131217
  },
  "hiring": {
    "domain": "hiring",
    "stakes": 0.9,
    "harm_weight": 0.8,
    "complexity": 0.8,
    "feedback_strength": 0.6,
    "bias_magnitude": 0.20618799999999998,
    "bias_magnitude_std": 0.005647207372773809,
    "bias_magnitude_ci95": 0.004039768793662013,
    "bias_std": 0.07834866106115866,
    "bias_std_std": 0.0074790158238217845,
    "bias_std_ci95": 0.005350165619566987,
    "mean_harm": 0.14855306305936525,
    "mean_harm_std": 0.003247794833680905,
    "mean_harm_ci95": 0.002323332463506887,
    "max_harm": 0.25899435709436563,
    "max_harm_std": 0.010070211591284135,
    "max_harm_ci95": 0.007203795406588936,
    "disparate_impact_ratio": 0.4109630554389906,
    "disparate_impact_ratio_std": 0.01688195687175868,
    "disparate_impact_ratio_ci95": 0.012076624434809882,
    "cohens_d": 3.262963794420776,
    "cohens_d_std": 0.2682019005018681,
    "cohens_d_ci95": 0.19186008172320895,
    "ingroup_rate": 0.35007799999999994,
    "ingroup_rate_std": 0.0044022665879193444,
    "ingroup_rate_ci95": 0.0031491918056698286,
    "outgroup_rate": 0.14389,
    "outgroup_rate_std": 0.006671093530215934,
    "outgroup_rate_ci95": 0.004772212827334102,
    "equal_opportunity_diff": 0.9260533655511566,
    "equal_opportunity_diff_std": 0.03167309990174944,
    "equal_opportunity_diff_ci95": 0.022657570748775075,