{
  "customer_service": {
    "domain": "customer_service",
    "ingroup_base_rate": 0.85,
    "outgroup_base_rate": 0.85,
    "bias_magnitude": 0.001681999999999993,
    "bias_magnitude_std": 0.005949613993081123,
    "bias_magnitude_ci95": 0.004256097457915445,
    "bias_std": 0.06910027195146547,
    "bias_std_std": 0.0041318782698960685,
    "bias_std_ci95": 0.002955767655073306,
    "mean_harm": 8.219677939956358e-05,
    "mean_harm_std": 0.000587547177029463,
    "mean_harm_ci95": 0.0004203059306819801,
    "max_harm": 0.01512087226487259,
    "max_harm_std": 0.0020848319476320125,
    "max_harm_ci95": 0.0014913989315636811,
    "disparate_impact_ratio": 0.9980240396317681,
    "disparate_impact_ratio_std": 0.006985354720433989,
    "disparate_impact_ratio_ci95": 0.004997021740040704,
    "cohens_d": 0.030041526586257455,
    "cohens_d_std": 0.10482213257731236,
    "cohens_d_ci95": 0.07498523643960574,
    "ingroup_rate": 0.8502119999999997,
    "ingroup_rate_std": 0.003849977777713702,
    "ingroup_rate_ci95": 0.002754108191189138,
    "outgroup_rate": 0.8485299999999999,
    "outgroup_rate_std": 0.006817384640265904,
    "outgroup_rate_ci95": 0.004876863183193049,
    "equal_opportunity_diff": 0.20695685011925175,
    "equal_opportunity_diff_std": 0.07653155654258725,
    "equal_opportunity_diff_ci95": 0.0547473774987769,
    "predictive_parity_diff": 0.17988691456328879,
    "predictive_parity_diff_std": 0.05733898296402541,
    "predictive_parity_diff_ci95": 0.04101783744566334,
    "significant": false,
    "sig_fraction": 0.0,
    "p_value": 0.4972867386997618,
    "t_statistic": 0.24954080122715433
  },
  "healthcare_triage": {
    "domain": "healthcare_triage",
    "ingroup_base_rate": 0.9,
    "outgroup_base_rate": 0.9,
    "bias_magnitude": 0.00590600000000001,
    "bias_magnitude_std": 0.006778436725709286,
    "bias_magnitude_ci95": 0.0048490015235411275,
    "bias_std": 0.07239636877720776,
    "bias_std_std": 0.004417197185060493,
    "bias_std_ci95": 0.0031598725114452787,
    "mean_harm": 0.005135128542383652,
    "mean_harm_std": 0.005028361284271342,
    "mean_harm_ci95": 0.0035970729705079025,
    "max_harm": 0.17333182396777547,
    "max_harm_std": 0.02564683203810305,
    "max_harm_ci95": 0.018346638415180028,
    "disparate_impact_ratio": 0.993441031718261,
    "disparate_impact_ratio_std": 0.007516065660884101,
    "disparate_impact_ratio_ci95": 0.0053766694763752575,
    "cohens_d": 0.09844697259309765,
    "cohens_d_std": 0.11511565600196831,
    "cohens_d_ci95": 0.08234877950838612,
    "ingroup_rate": 0.900338,
    "ingroup_rate_std": 0.002600862250186412,
    "ingroup_rate_ci95": 0.0018605447721952231,
    "outgroup_rate": 0.8944319999999998,
    "outgroup_rate_std": 0.007152144666695008,
    "outgroup_rate_ci95": 0.0051163360799479475,
    "equal_opportunity_diff": 0.24314623421840084,
    "equal_opportunity_diff_std": 0.0907841606427489,
    "equal_opportunity_diff_ci95": 0.06494307627014527,
    "predictive_parity_diff": 0.21633384137943973,
    "predictive_parity_diff_std": 0.02510391789442757,
    "predictive_parity_diff_ci95": 0.017958261033143026,
    "significant": false,
    "sig_fraction": 0.1,
    "p_value": 0.39260563270262117,
    "t_statistic": 0.7924945527823019
  },
  "content_moderation": {
    "domain": "content_moderation",
    "ingroup_base_rate": 0.75,
    "outgroup_base_rate": 0.75,
    "bias_magnitude": -0.00047999999999999985,
    "bias_magnitude_std": 0.004243415814856914,
    "bias_magnitude_ci95": 0.003035556808138032,
    "bias_std": 0.07199492494437335,
    "bias_std_std": 0.0040153126699960994,
    "bias_std_ci95": 0.0028723816481841897,
    "mean_harm": -0.00015926214001623485,
    "mean_harm_std": 0.0014165101733285455,
    "mean_harm_ci95": 0.0010133103348933152,
    "max_harm": 0.04995893486356439,
    "max_harm_std": 0.006895543798902978,
    "max_harm_ci95": 0.004932774877090318,
    "disparate_impact_ratio": 1.0006283193657413,
    "disparate_impact_ratio_std": 0.005677198520382221,
    "disparate_impact_ratio_ci95": 0.004061223168222207,
    "cohens_d": -0.009086394033974233,
    "cohens_d_std": 0.07180008178941125,
    "cohens_d_ci95": 0.051362684358582975,
    "ingroup_rate": 0.750154,
    "ingroup_rate_std": 0.005262302411175808,
    "ingroup_rate_ci95": 0.0037644243712337063,
    "outgroup_rate": 0.750634,
    "outgroup_rate_std": 0.0077489901851072835,
    "outgroup_rate_ci95": 0.00554329364335236,
    "equal_opportunity_diff": 0.21829578037095665,
    "equal_opportunity_diff_std": 0.08073050508755565,
    "equal_opportunity_diff_ci95": 0.05775112433830974,
    "predictive_parity_diff": 0.23421466483277092,
    "predictive_parity_diff_std": 0.07126009874308377,
    "predictive_parity_diff_ci95": 0.050976403757275995,
    "significant": false,
    "sig_fraction": 0.0,
    "p_value": 0.7437956816852567,
    "t_statistic": -0.06577424617603307
  },
  "education": {
    "domain": "education",
    "ingroup_base_rate": 0.88,
    "outgroup_base_rate": 0.88,
    "bias_magnitude": 0.0068940000000000026,
    "bias_magnitude_std": 0.006373333682008355,
    "bias_magnitude_ci95": 0.004559208263592771,
    "bias_std": 0.06914135349651289,
    "bias_std_std": 0.005300792044616552,
    "bias_std_ci95": 0.0037919581963245024,
    "mean_harm": 0.0034143057535229266,
    "mean_harm_std": 0.003691460936510026,
    "mean_harm_ci95": 0.0026407120741186317,
    "max_harm": 0.09357901076383965,
    "max_harm_std": 0.018640729406948046,
    "max_harm_ci95": 0.013334774513920216,
    "disparate_impact_ratio": 0.9921592765326148,
    "disparate_impact_ratio_std": 0.007250812541394569,
    "disparate_impact_ratio_ci95": 0.00518691882551347,
    "cohens_d": 0.1176398964053768,
    "cohens_d_std": 0.10332895473184485,
    "cohens_d_ci95": 0.07391708135598177,
    "ingroup_rate": 0.880416,
    "ingroup_rate_std": 0.002482181835939249,
    "ingroup_rate_ci95": 0.0017756459182579583,
    "outgroup_rate": 0.873522,
    "outgroup_rate_std": 0.00803269126064785,
    "outgroup_rate_ci95": 0.0057462411669766235,
    "equal_opportunity_diff": 0.27281514347561503,
    "equal_opportunity_diff_std": 0.10315996191169716,
    "equal_opportunity_diff_ci95": 0.07379619117502667,
    "predictive_parity_diff": 0.23402269001757472,
    "predictive_parity_diff_std": 0.04538614177641751,
    "predictive_parity_diff_ci95": 0.03246728995592617,
    "significant": false,
    "sig_fraction": 0.2,
    "p_value": 0.4651221930244354,
    "t_statistic": 0.97816611019065
  },
  "hiring": {
    "domain": "hiring",
    "ingroup_base_rate": 0.35,
    "outgroup_base_rate": 0.35,
    "bias_magnitude": -0.00039200000000000145,
    "bias_magnitude_std": 0.006992734006730765,
    "bias_magnitude_ci95": 0.005002300563454367,
    "bias_std": 0.0826515258534054,
    "bias_std_std": 0.006222817699033003,
    "bias_std_ci95": 0.004451535615709729,
    "mean_harm": -0.00013219820077599483,
    "mean_harm_std": 0.004992959687821048,
    "mean_harm_ci95": 0.003571748194004172,
    "max_harm": 0.14479109501038556,
    "max_harm_std": 0.028792890084384765,
    "max_harm_ci95": 0.020597192765227836,
    "disparate_impact_ratio": 1.0012230328181224,
    "disparate_impact_ratio_std": 0.020085940972663627,
    "disparate_impact_ratio_ci95": 0.014368616588069079,
    "cohens_d": -0.008309913609756692,
    "cohens_d_std": 0.10472768795820696,
    "cohens_d_ci95": 0.07491767482909525,
    "ingroup_rate": 0.34929,
    "ingroup_rate_std": 0.004140770191374784,
    "ingroup_rate_ci95": 0.0029621285525106116,
    "outgroup_rate": 0.34968199999999994,
    "outgroup_rate_std": 0.006235307708703908,
    "outgroup_rate_ci95": 0.0044604704303836725,
    "equal_opportunity_diff": 0.17293950053656656,
    "equal_opportunity_diff_std": 0.11076239190642045,
    "equal_opportunity_diff_ci95": 0.07923464197404488,
    "predictive_parity_diff": 0.19021631331955424,
    "predictive_parity_diff_std": 0.07677866467081951,