{
  "customer_service": {
    "domain": "customer_service",
    "transfer_ratio": 0.8102518952471366,
    "transfer_ratio_std": 0.09422499737460638,
    "transfer_ratio_ci95": 0.06740450258865786,
    "harm_amplification": 0.8049086397942542,
    "harm_amplification_std": 0.0791328639336601,
    "harm_amplification_ci95": 0.056608240705579384,
    "lab_bias": 0.100918,
    "lab_bias_std": 0.005650010422802574,
    "lab_bias_ci95": 0.004041773974857921,
    "deploy_bias": 0.08148799999999999,
    "deploy_bias_std": 0.008235188454971072,
    "deploy_bias_ci95": 0.0058910989333790026,
    "lab_harm": 0.009039574316475951,
    "lab_harm_std": 0.0004400403647732249,
    "lab_harm_ci95": 0.00031478591385415466,
    "deploy_harm": 0.007263513731445241,
    "deploy_harm_std": 0.000680042324118978,
    "deploy_harm_ci95": 0.00048647297292287193
  },
  "healthcare_triage": {
    "domain": "healthcare_triage",
    "transfer_ratio": 0.8312195500258456,
    "transfer_ratio_std": 0.07586272887891925,
    "transfer_ratio_ci95": 0.05426892701065596,
    "harm_amplification": 0.8277328331809418,
    "harm_amplification_std": 0.06593360364717739,
    "harm_amplification_ci95": 0.04716605870570634,
    "lab_bias": 0.159586,
    "lab_bias_std": 0.006775295319516826,
    "lab_bias_ci95": 0.004846754296926837,
    "deploy_bias": 0.13239800000000002,
    "deploy_bias_std": 0.01016131859334976,
    "deploy_bias_ci95": 0.007268969429700475,
    "lab_harm": 0.13632234104806135,
    "lab_harm_std": 0.005724158797723715,
    "lab_harm_ci95": 0.004094816526925572,
    "deploy_harm": 0.11264665932470201,
    "deploy_harm_std": 0.007441393232709495,
    "deploy_harm_ci95": 0.005323252039193634
  },
  "content_moderation": {
    "domain": "content_moderation",
    "transfer_ratio": 0.8130184446568048,
    "transfer_ratio_std": 0.055936651459843376,
    "transfer_ratio_ci95": 0.04001466991966171,
    "harm_amplification": 0.8184972701443796,
    "harm_amplification_std": 0.06104187075448611,
    "harm_amplification_ci95": 0.043666723798669316,
    "lab_bias": 0.139652,
    "lab_bias_std": 0.005134659568938222,
    "lab_bias_ci95": 0.0036731141825390693,
    "deploy_bias": 0.11336000000000002,
    "deploy_bias_std": 0.005963004462703523,
    "deploy_bias_ci95": 0.004265676422834255,
    "lab_harm": 0.04193230889944004,
    "lab_harm_std": 0.0017123931789136454,
    "lab_harm_ci95": 0.001224972286303203,
    "deploy_harm": 0.034254002055819376,
    "deploy_harm_std": 0.0018976271413037517,
    "deploy_harm_ci95": 0.0013574806805225499
  },
  "education": {
    "domain": "education",
    "transfer_ratio": 0.8092017216438732,
    "transfer_ratio_std": 0.06977686139745215,
    "transfer_ratio_ci95": 0.0499153596788586,
    "harm_amplification": 0.8148521072584837,
    "harm_amplification_std": 0.06983418325729567,
    "harm_amplification_ci95": 0.049956365267161754,
    "lab_bias": 0.162824,
    "lab_bias_std": 0.004891332924446848,
    "lab_bias_ci95": 0.0034990487869911956,
    "deploy_bias": 0.131794,
    "deploy_bias_std": 0.012556999110721744,
    "deploy_bias_ci95": 0.008982736032344242,
    "lab_harm": 0.08014717097578875,
    "lab_harm_std": 0.0026251823577433937,
    "lab_harm_ci95": 0.0018779423290904893,
    "deploy_harm": 0.06525732908119383,
    "deploy_harm_std": 0.0054101275418950495,
    "deploy_harm_ci95": 0.0038701720993723453
  },
  "hiring": {
    "domain": "hiring",
    "transfer_ratio": 0.8116916687352704,
    "transfer_ratio_std": 0.02716295617823472,
    "transfer_ratio_ci95": 0.01943120828915885,
    "harm_amplification": 0.8147948029034261,
    "harm_amplification_std": 0.022225839209897878,
    "harm_amplification_ci95": 0.015899407570186874,
    "lab_bias": 0.259756,
    "lab_bias_std": 0.00508107425211988,
    "lab_bias_ci95": 0.0036347815560934956,
    "deploy_bias": 0.210822,
    "deploy_bias_std": 0.007652964276816014,
    "deploy_bias_ci95": 0.005474600846702396,
    "lab_harm": 0.18672365811032543,
    "lab_harm_std": 0.002872683700172705,
    "lab_harm_ci95": 0.0020549941236386823,
    "deploy_harm": 0.15212380010773477,
    "deploy_harm_std": 0.004119996539250489,
    "deploy_harm_ci95": 0.0029472679770008977
  }
}