{
  "customer_service": {
    "bias_magnitude": 0.08055999999999999,
    "bias_magnitude_ci95": 0.004817402232029855,
    "mean_harm": 0.007233289142847206,
    "mean_harm_ci95": 0.0003429330749299557,
    "disparate_impact": 0.9052962899665999,
    "disparate_impact_ci95": 0.005580627998377584,
    "transfer_ratio": 0.8102518952471366,
    "transfer_ratio_ci95": 0.06740450258865786,
    "cohens_d": 1.4978918636190857,
    "significant": true,
    "equal_opportunity_diff": 0.672408172582846,
    "predictive_parity_diff": 0.028713701277529556
  },
  "healthcare_triage": {
    "bias_magnitude": 0.13646600000000003,
    "bias_magnitude_ci95": 0.004957069739130487,
    "mean_harm": 0.11548841978005989,
    "mean_harm_ci95": 0.003538765423186125,
    "disparate_impact": 0.8485200540888711,
    "disparate_impact_ci95": 0.005551088054569127,
    "transfer_ratio": 0.8312195500258456,
    "transfer_ratio_ci95": 0.05426892701065596,
    "cohens_d": 2.270798712950971,
    "significant": true,
    "equal_opportunity_diff": 0.8247708958655879,
    "predictive_parity_diff": -0.006919187484839851
  },
  "content_moderation": {
    "bias_magnitude": 0.11465999999999998,
    "bias_magnitude_ci95": 0.007900344726556053,
    "mean_harm": 0.03455938547161404,
    "mean_harm_ci95": 0.0019402305622032644,
    "disparate_impact": 0.8470399869788172,
    "disparate_impact_ci95": 0.010552704519333706,
    "transfer_ratio": 0.8130184446568048,
    "transfer_ratio_ci95": 0.04001466991966171,
    "cohens_d": 1.957211801524687,
    "significant": true,
    "equal_opportunity_diff": 0.7563348888450159,
    "predictive_parity_diff": -0.004559362589906047
  },
  "education": {
    "bias_magnitude": 0.13286599999999998,
    "bias_magnitude_ci95": 0.004970938680430056,
    "mean_harm": 0.06599061027962047,
    "mean_harm_ci95": 0.0019947800257206234,
    "disparate_impact": 0.8483061460070603,
    "disparate_impact_ci95": 0.005600294246987341,
    "transfer_ratio": 0.8092017216438732,
    "transfer_ratio_ci95": 0.0499153596788586,
    "cohens_d": 2.2855493504705673,
    "significant": true,
    "equal_opportunity_diff": 0.8050257288937948,
    "predictive_parity_diff": -0.009968768916028525
  },
  "hiring": {
    "bias_magnitude": 0.20618799999999998,
    "bias_magnitude_ci95": 0.004039768793662013,
    "mean_harm": 0.14855306305936525,
    "mean_harm_ci95": 0.002323332463506887,
    "disparate_impact": 0.4109630554389906,
    "disparate_impact_ci95": 0.012076624434809882,
    "transfer_ratio": 0.8116916687352704,
    "transfer_ratio_ci95": 0.01943120828915885,
    "cohens_d": 3.262963794420776,
    "significant": true,
    "equal_opportunity_diff": 0.9260533655511566,
    "predictive_parity_diff": -0.001041666666666663
  }
}