{
  "0.0": {
    "poisoning_rate": 0.0,
    "bias_magnitude": 0.13207800000000006,
    "bias_magnitude_std": 0.007024151668825694,
    "bias_magnitude_ci95": 0.005024775405003982,
    "bias_std": 0.07216223329604121,
    "bias_std_std": 0.006052103925056896,
    "bias_std_ci95": 0.004329414338548589,
    "mean_harm": 0.11244091147429562,
    "mean_harm_std": 0.006139825203804218,
    "mean_harm_ci95": 0.004392166361102613,
    "max_harm": 0.25793626180154233,
    "max_harm_std": 0.04162032294345295,
    "max_harm_ci95": 0.029773385447064017,
    "disparate_impact_ratio": 0.853191875023289,
    "disparate_impact_ratio_std": 0.007607875852692854,
    "disparate_impact_ratio_ci95": 0.005442346531125763,
    "cohens_d": 2.291739640308502,
    "cohens_d_std": 0.21879440443025142,
    "cohens_d_ci95": 0.15651608820078616,
    "ingroup_rate": 0.899602,
    "ingroup_rate_std": 0.0020764381896785783,
    "ingroup_rate_ci95": 0.0014853943988444975,
    "outgroup_rate": 0.767524,
    "outgroup_rate_std": 0.005851949722575838,
    "outgroup_rate_ci95": 0.004186232647541176,
    "equal_opportunity_diff": 0.8281492152654556,
    "equal_opportunity_diff_std": 0.04592588274573138,
    "equal_opportunity_diff_ci95": 0.032853397385769686,
    "predictive_parity_diff": -0.013907220186478098,
    "predictive_parity_diff_std": 0.0733746623916419,
    "predictive_parity_diff_ci95": 0.05248907146642395,
    "significant": true,
    "sig_fraction": 1.0,
    "p_value": 5.419979775785985e-33,
    "t_statistic": 18.345222983188307
  },
  "0.1": {
    "poisoning_rate": 0.1,
    "bias_magnitude": 0.17003200000000002,
    "bias_magnitude_std": 0.007700644706054768,
    "bias_magnitude_ci95": 0.005508709371038828,
    "bias_std": 0.07412300949551894,
    "bias_std_std": 0.0053815015797132135,
    "bias_std_ci95": 0.003849694319635008,
    "mean_harm": 0.1440489967180439,
    "mean_harm_std": 0.005828343074946068,
    "mean_harm_ci95": 0.004169345469131986,
    "max_harm": 0.28611959048521834,
    "max_harm_std": 0.02172079651155989,
    "max_harm_ci95": 0.015538121788111807,
    "disparate_impact_ratio": 0.8112286318086499,
    "disparate_impact_ratio_std": 0.009030086074851881,
    "disparate_impact_ratio_ci95": 0.006459734435314434,
    "cohens_d": 2.7866283707339647,
    "cohens_d_std": 0.21772909712568783,
    "cohens_d_ci95": 0.1557540132634668,
    "ingroup_rate": 0.900836,
    "ingroup_rate_std": 0.005035710696835331,
    "ingroup_rate_ci95": 0.0036023304235405095,
    "outgroup_rate": 0.730804,
    "outgroup_rate_std": 0.010732181304634898,
    "outgroup_rate_ci95": 0.007677340012589524,
    "equal_opportunity_diff": 0.8804283812215876,
    "equal_opportunity_diff_std": 0.037035047259331655,
    "equal_opportunity_diff_ci95": 0.026493276820567437,
    "predictive_parity_diff": 0.011764587606010036,
    "predictive_parity_diff_std": 0.08911337095112058,
    "predictive_parity_diff_ci95": 0.06374786532578482,
    "significant": true,
    "sig_fraction": 1.0,
    "p_value": 8.420051178693267e-42,
    "t_statistic": 22.9257032928104
  },
  "0.2": {
    "poisoning_rate": 0.2,
    "bias_magnitude": 0.19404200000000002,
    "bias_magnitude_std": 0.010392289663228423,
    "bias_magnitude_ci95": 0.0074341961796216905,
    "bias_std": 0.077273232991115,
    "bias_std_std": 0.005040500757845195,
    "bias_std_ci95": 0.0036057570267640214,
    "mean_harm": 0.1667935857032508,
    "mean_harm_std": 0.007878381632214727,
    "mean_harm_ci95": 0.005635854708616494,
    "max_harm": 0.31764853348737765,
    "max_harm_std": 0.01652813543433307,
    "max_harm_ci95": 0.01182351582606075,
    "disparate_impact_ratio": 0.7845332330543788,
    "disparate_impact_ratio_std": 0.011818280617622622,
    "disparate_impact_ratio_ci95": 0.008454288656724486,
    "cohens_d": 3.1330098985077868,
    "cohens_d_std": 0.277956427784091,
    "cohens_d_ci95": 0.19883805017919878,
    "ingroup_rate": 0.9006240000000002,
    "ingroup_rate_std": 0.0030542182123890313,
    "ingroup_rate_ci95": 0.0021848560906278557,
    "outgroup_rate": 0.706582,
    "outgroup_rate_std": 0.011759253377659727,
    "outgroup_rate_ci95": 0.008412063112975599,
    "equal_opportunity_diff": 0.901920541294151,
    "equal_opportunity_diff_std": 0.04100519453542531,
    "equal_opportunity_diff_ci95": 0.02933334909231183,
    "predictive_parity_diff": 0.07152975454367701,
    "predictive_parity_diff_std": 0.31799542105159706,
    "predictive_parity_diff_ci95": 0.22748022052192987,
    "significant": true,
    "sig_fraction": 1.0,
    "p_value": 6.140236544753756e-43,
    "t_statistic": 25.140596805498184
  },
  "0.3": {
    "poisoning_rate": 0.3,
    "bias_magnitude": 0.226694,
    "bias_magnitude_std": 0.00655810304551213,
    "bias_magnitude_ci95": 0.004691384303790266,
    "bias_std": 0.07595628990031829,
    "bias_std_std": 0.008503629589691305,
    "bias_std_ci95": 0.006083130152952468,
    "mean_harm": 0.1940380873972944,
    "mean_harm_std": 0.005020305942882338,
    "mean_harm_ci95": 0.0035913105264151843,
    "max_harm": 0.3681476809730126,
    "max_harm_std": 0.038543991306173614,
    "max_harm_ci95": 0.027572710365225826,
    "disparate_impact_ratio": 0.7481372571828668,
    "disparate_impact_ratio_std": 0.006672359563709485,
    "disparate_impact_ratio_ci95": 0.004773118493136926,
    "cohens_d": 3.637687921647964,
    "cohens_d_std": 0.3216845341658309,
    "cohens_d_ci95": 0.23011925306516923,
    "ingroup_rate": 0.9000200000000002,
    "ingroup_rate_std": 0.003357366692976953,
    "ingroup_rate_ci95": 0.0024017154497562973,
    "outgroup_rate": 0.673326,
    "outgroup_rate_std": 0.004861751399101641,
    "outgroup_rate_ci95": 0.003477887438545832,
    "equal_opportunity_diff": 0.942239534539201,
    "equal_opportunity_diff_std": 0.02506857220581099,
    "equal_opportunity_diff_ci95": 0.017932976250694243,
    "predictive_parity_diff": 0.27055350714978765,
    "predictive_parity_diff_std": 0.48271929394095,
    "predictive_parity_diff_ci95": 0.34531658057447395,
    "significant": true,
    "sig_fraction": 1.0,
    "p_value": 2.291219771361105e-50,
    "t_statistic": 30.036418216851608
  },
  "0.5": {
    "poisoning_rate": 0.5,
    "bias_magnitude": 0.286822,
    "bias_magnitude_std": 0.007459380075523096,
    "bias_magnitude_ci95": 0.005336119051417271,
    "bias_std": 0.07675872512703429,
    "bias_std_std": 0.004336449760447566,
    "bias_std_ci95": 0.0031021092836076482,
    "mean_harm": 0.24529968729657456,
    "mean_harm_std": 0.0069128028003829466,
    "mean_harm_ci95": 0.004945121222989476,
    "max_harm": 0.404099204185122,
    "max_harm_std": 0.018764657916057588,
    "max_harm_ci95": 0.013423427628760566,
    "disparate_impact_ratio": 0.6816449170417707,
    "disparate_impact_ratio_std": 0.008705806187254273,
    "disparate_impact_ratio_ci95": 0.006227758578248362,
    "cohens_d": 4.5989373888174265,
    "cohens_d_std": 0.11286562521700164,
    "cohens_d_ci95": 0.08073920444767384,
    "ingroup_rate": 0.9009880000000001,
    "ingroup_rate_std": 0.004368668243552329,
    "ingroup_rate_ci95": 0.0031251569979971095,
    "outgroup_rate": 0.6141660000000001,
    "outgroup_rate_std": 0.0093212877031258,
    "outgroup_rate_ci95": 0.006668047531135232,
    "equal_opportunity_diff": 0.9478959223029619,
    "equal_opportunity_diff_std": 0.02065287584799036,
    "equal_opportunity_diff_ci95": 0.014774177366379693,
    "predictive_parity_diff": 0.878783563933603,
    "predictive_parity_diff_std": 0.3164717730299858,
    "predictive_parity_diff_ci95": 0.2263902683873748,
    "significant": true,
    "sig_fraction": 1.0,
    "p_value": 6.766924091580926e-60,
    "t_statistic": 37.25320885829893
  }
}