{
  "hidden_dims": [
    32,
    64,
    128,
    256,
    512
  ],
  "components": [
    "row_norms",
    "col_norms",
    "singular_values",
    "spectral_gap",
    "condition_number",
    "effective_rank",
    "frobenius_norm",
    "overall_matrix"
  ],
  "n_trials": 15,
  "mean_errors": {
    "row_norms": [
      0.13395902756264322,
      0.13349656299360246,
      0.13361405342051993,
      0.13315185915693598,
      0.13198068974452387
    ],
    "col_norms": [
      0.13399615269625498,
      0.1335569676344348,
      0.13368037709901195,
      0.13321291361767215,
      0.13205070125804327
    ],
    "singular_values": [
      0.13395945684666974,
      0.1334977619628144,
      0.13361029697174817,
      0.13315037123857265,
      0.13197901736783546
    ],
    "spectral_gap": [
      0.031175612617545177,
      0.03304919188870547,
      0.028763863761278968,
      0.12511984120174427,
      0.056604684611612575
    ],
    "condition_number": [
      0.2733722792151835,
      0.3053380696491429,
      2.774769366063623,
      0.8124579399952611,
      34.93630632362394
    ],
    "effective_rank": [
      0.002222222222214815,
      0.0021505376344051336,
      0.0010840824960329629,
      0.0,
      0.0006775857757905326
    ],
    "frobenius_norm": [
      0.13390250361684378,
      0.13344029979250424,
      0.13356214381886256,
      0.13310164599520952,
      0.13192953547691505
    ],
    "overall_matrix": [
      0.1351938587993713,
      0.13557436391901767,
      0.13726714665690803,
      0.14009765637113106,
      0.14570729927000028
    ]
  },
  "std_errors": {
    "row_norms": [
      0.0008332658443732842,
      0.0010395557880024265,
      0.0004377497473280948,
      0.0003078043530921798,
      0.000280591163862836
    ],
    "col_norms": [
      0.0008302519289523552,
      0.001042423925341071,
      0.0004293347779425019,
      0.00030487943067826023,
      0.0002756743439558828
    ],
    "singular_values": [
      0.0008340800599781139,
      0.0010335936319366711,
      0.0004406011493585349,
      0.00030599395021279236,
      0.0002764224761842683
    ],
    "spectral_gap": [
      0.026222773066340854,
      0.03191730794558815,
      0.024415208860469467,
      0.3424663910559824,
      0.08684524549909692
    ],
    "condition_number": [
      0.3133200406944193,
      0.4773606947675942,
      5.396672154769303,
      1.4339025723785457,
      126.75420287507497
    ],
    "effective_rank": [
      0.008314794192803267,
      0.005482816681273721,
      0.002763984295422409,
      0.0,
      0.0009583354531746783
    ],
    "frobenius_norm": [
      0.000831034908254255,
      0.0010418546857990155,
      0.0004371547205473269,
      0.0003066500764566498,
      0.0002786094786037759
    ],
    "overall_matrix": [
      0.0007995655249062581,
      0.0010872270562832268,
      0.00041063579395339165,
      0.00029651282629247837,
      0.00029980184559519015
    ]
  }
}