{
  "dim": 128,
  "n_trials": 15,
  "components": [
    "row_norms",
    "col_norms",
    "singular_values",
    "spectral_gap",
    "condition_number",
    "effective_rank",
    "frobenius_norm",
    "overall_matrix"
  ],
  "optimizers": [
    "SGD",
    "Adam"
  ],
  "SGD": {
    "mean_errors": {
      "row_norms": 0.1336380386541743,
      "col_norms": 0.1337117671227265,
      "singular_values": 0.13363608505513133,
      "spectral_gap": 0.033471210614616186,
      "condition_number": 0.870842350830119,
      "effective_rank": 0.0005464480874312461,
      "frobenius_norm": 0.133587083275649,
      "overall_matrix": 0.13730240384400413
    },
    "std_errors": {
      "row_norms": 0.00043052633261945295,
      "col_norms": 0.00042146224329640965,
      "singular_values": 0.00042775115169811157,
      "spectral_gap": 0.025716071814246993,
      "condition_number": 1.3973636450257736,
      "effective_rank": 0.0020446215228256148,
      "frobenius_norm": 0.00042654231561073185,
      "overall_matrix": 0.0004078874633819061
    }
  },
  "Adam": {
    "mean_errors": {
      "row_norms": 0.5872470744514106,
      "col_norms": 0.5302544197285107,
      "singular_values": 0.5477921205340811,
      "spectral_gap": 0.7838354175547679,
      "condition_number": 0.9017319686588786,
      "effective_rank": 0.024996331038937596,
      "frobenius_norm": 0.5269092596080308,
      "overall_matrix": 0.6010615549364039
    },
    "std_errors": {
      "row_norms": 0.03394402928126947,
      "col_norms": 0.026469056726503317,
      "singular_values": 0.03264184076226876,
      "spectral_gap": 0.1729519131483214,
      "condition_number": 0.9722911785314435,
      "effective_rank": 0.010770293407345768,
      "frobenius_norm": 0.025838761611754482,
      "overall_matrix": 0.03261476598974665
    }
  }
}