{
  "dim": 64,
  "n_trials": 10,
  "n_epochs": 200,
  "components": [
    "row_norms",
    "col_norms",
    "singular_values",
    "spectral_gap",
    "condition_number",
    "effective_rank",
    "frobenius_norm",
    "overall_matrix"
  ],
  "strategies": [
    "standard_sgd",
    "learnable_multipliers",
    "spectral_reg",
    "svd_correction"
  ],
  "standard_sgd": {
    "mean_errors": {
      "row_norms": 0.1337446407315906,
      "col_norms": 0.13379766329367312,
      "singular_values": 0.13374801224339622,
      "spectral_gap": 0.027976799179514105,
      "condition_number": 1.232478507711611,
      "effective_rank": 0.0032258064516077004,
      "frobenius_norm": 0.13369096484521018,
      "overall_matrix": 0.1358501121016204
    },
    "std_errors": {
      "row_norms": 0.0008397054743507901,
      "col_norms": 0.0008321831310725536,
      "singular_values": 0.000837457753041905,
      "spectral_gap": 0.04073440751474832,
      "condition_number": 1.6101441379806927,
      "effective_rank": 0.006451612903215401,
      "frobenius_norm": 0.0008437118561889313,
      "overall_matrix": 0.0008274415183183467
    },
    "mean_final_loss": 1.989215468037748,
    "std_final_loss": 0.28792272508863537
  },
  "learnable_multipliers": {
    "mean_errors": {
      "row_norms": 0.04433795219969022,
      "col_norms": 0.038178221886860264,
      "singular_values": 0.041434215578535785,
      "spectral_gap": 0.04814301845472133,
      "condition_number": 1.1076757963536472,
      "effective_rank": 0.0032258064516077004,
      "frobenius_norm": 0.03681139096358595,
      "overall_matrix": 0.04708086465559488
    },
    "std_errors": {
      "row_norms": 0.0040508659854613166,
      "col_norms": 0.005131802428469456,
      "singular_values": 0.004257669452217845,
      "spectral_gap": 0.0278648920892789,
      "condition_number": 1.5768181396319483,
      "effective_rank": 0.006451612903215401,
      "frobenius_norm": 0.005305582576261504,
      "overall_matrix": 0.004192052821653186
    },
    "mean_final_loss": 0.235987771063103,
    "std_final_loss": 0.013102951037157903
  },
  "spectral_reg": {
    "mean_errors": {
      "row_norms": 0.13372108200621974,
      "col_norms": 0.13377420915213917,
      "singular_values": 0.13372461513365025,
      "spectral_gap": 0.028168482287284392,
      "condition_number": 0.2896864932948736,
      "effective_rank": 0.0032258064516077004,
      "frobenius_norm": 0.13366749975674183,
      "overall_matrix": 0.13583094479162147
    },
    "std_errors": {
      "row_norms": 0.0008356867588475558,
      "col_norms": 0.0008284533085773065,
      "singular_values": 0.0008333663062546243,
      "spectral_gap": 0.04024404334672034,
      "condition_number": 0.2968115577315084,
      "effective_rank": 0.006451612903215401,
      "frobenius_norm": 0.0008398670012913926,
      "overall_matrix": 0.0008216042215747381
    },
    "mean_final_loss": 2.002241665980922,
    "std_final_loss": 0.2842544078167246
  },
  "svd_correction": {
    "mean_errors": {
      "row_norms": 0.04780774993289681,
      "col_norms": 0.047952298726080124,
      "singular_values": 0.04769441872595625,
      "spectral_gap": 0.009800901127555809,
      "condition_number": 0.8358784763156251,
      "effective_rank": 0.0032258064516077004,
      "frobenius_norm": 0.047639028490393795,
      "overall_matrix": 0.055942392680265574
    },
    "std_errors": {
      "row_norms": 0.0002954486557456541,
      "col_norms": 0.0002591564854162364,
      "singular_values": 0.00028717632805111914,
      "spectral_gap": 0.015332367506586965,
      "condition_number": 1.3483718418720476,
      "effective_rank": 0.006451612903215401,
      "frobenius_norm": 0.0002909060879632271,
      "overall_matrix": 0.000682557898942833
    },
    "mean_final_loss": 0.3929176836910805,
    "std_final_loss": 0.04504484630915124
  }
}