{
  "dim": 64,
  "n_trials": 10,
  "n_epochs": 200,
  "checkpoint_every": 10,
  "aggregated": {
    "epochs": [
      1,
      10,
      20,
      30,
      40,
      50,
      60,
      70,
      80,
      90,
      100,
      110,
      120,
      130,
      140,
      150,
      160,
      170,
      180,
      190,
      200
    ],
    "components": [
      "row_norms",
      "col_norms",
      "singular_values",
      "spectral_gap",
      "condition_number",
      "effective_rank",
      "frobenius_norm",
      "overall_matrix"
    ],
    "mean_errors": {
      "row_norms": [
        0.9294085859637953,
        0.8792547585987347,
        0.8042961565233625,
        0.7305636167771528,
        0.6621739846654748,
        0.5995804025240644,
        0.5432226028629048,
        0.49176998295830765,
        0.44505559150640117,
        0.40280208858530875,
        0.3642379293880636,
        0.32962467831082265,
        0.298079861112616,
        0.2696814425972126,
        0.24394204228089594,
        0.22080653823924257,
        0.19961420807717128,
        0.18045205150389548,
        0.1632422057556135,
        0.14757553329407205,
        0.13348674199084706
      ],
      "col_norms": [
        0.9211102263907491,
        0.8773662486099614,
        0.8039671948223821,
        0.7305635117104102,
        0.6622869270852195,
        0.5997126218882569,
        0.5433451587272906,
        0.4918971492549738,
        0.44517692424658073,
        0.40290765551702856,
        0.36434236956077487,
        0.3297220818239137,
        0.2981692691749852,
        0.2697656255701752,
        0.24401755373031486,
        0.22087645465540057,
        0.19968332223415725,
        0.18051387041166891,
        0.16329951368593834,
        0.14763051348585668,
        0.1335399811053576
      ],
      "singular_values": [
        0.9218208163489814,
        0.8772668670857268,
        0.8036629221624043,
        0.7302954529373886,
        0.6620471054964145,
        0.5994987808455438,
        0.5431621906126547,
        0.4917290044782838,
        0.44502350793508416,
        0.40277539445945293,
        0.36421414141224767,
        0.3295999397497294,
        0.298055748193232,
        0.2696606121792538,
        0.24392182412863228,
        0.22079573559565424,
        0.19960554347627396,
        0.18044811595425042,
        0.16324060869914397,
        0.1475765905092113,
        0.1334907042284536
      ],
      "spectral_gap": [
        0.7538925379840267,
        0.36826079688938096,
        0.23575809975613765,
        0.19027775850441958,
        0.1383153455135287,
        0.13027267418621072,
        0.08125204156743163,
        0.0892506147327153,
        0.0760152731038241,
        0.05745294888680312,
        0.03220811826455703,
        0.04627789374645253,
        0.028389381109851473,
        0.037377223224527176,
        0.04438156874614658,
        0.038797972037325275,
        0.036819357453059705,
        0.033333617958164405,
        0.03681557768965119,
        0.04892827293829099,
        0.046641354396999214
      ],
      "condition_number": [
        1.0532835215516712,
        0.526005248847038,
        0.6153621965943984,
        4.372233210348585,
        2.1007513785245164,
        1.9220149551856462,
        4.699086715791184,
        1.2050955969988715,
        0.4353739875609316,
        0.44351204417450873,
        0.43644703400636464,
        0.4902109864934248,
        0.6816763163832241,
        7.916412292246678,
        1.0117444882732236,
        0.5952478950157708,
        0.6009882576655599,
        0.7058601111253682,
        1.4034853159155607,
        9.54953502578311,
        1.2808220821068672
      ],
      "effective_rank": [
        0.011264720942122169,
        0.0096774193548231,
        0.006426011264710619,
        0.007987711213504903,
        0.009600614439308753,
        0.00957501280080397,
        0.007987711213504903,
        0.0063748079877010535,
        0.0031746031745981352,
        0.0031746031745981352,
        0.003200204813102918,
        0.003200204813102918,
        0.003200204813102918,
        0.003200204813102918,
        0.003200204813102918,
        0.0016129032258038502,
        0.0016129032258038502,
        0.0,
        0.0,
        0.0,
        0.0
      ],
      "frobenius_norm": [
        0.9200807677175107,
        0.8767372199036885,
        0.8034959972683524,
        0.7301729604971153,
        0.6619264012519966,
        0.5993857359720526,
        0.5430521260974822,
        0.4916234624250886,
        0.44492645543018244,
        0.4026792097856481,
        0.3641270973424201,
        0.32952098673510244,
        0.2979852290419108,
        0.26959423879482836,
        0.24385715785942655,
        0.22072836047995814,
        0.19954239234030818,
        0.18038577692836252,
        0.1631785895889333,
        0.14751732712525528,
        0.13343281076060248
      ],
      "overall_matrix": [
        0.9934685240514682,
        0.9077074708594095,
        0.8217182876746001,
        0.7433798732519318,
        0.6724491857025028,
        0.6081893431924467,
        0.5506006880558791,
        0.4982690539026516,
        0.45085783651150546,
        0.4079983211186754,
        0.36896530766720453,
        0.3339141734355144,
        0.3020211738693767,
        0.27330575510384164,
        0.24727619142102317,
        0.2238746617733706,
        0.20244411718741223,
        0.1830554803913215,
        0.16565270585328704,
        0.14981358632267688,
        0.13557085423198784
      ]
    },
    "std_errors": {
      "row_norms": [
        0.004120876337260362,
        0.0022080630250301365,
        0.001737438574516341,
        0.0011171486350803413,
        0.0011175445809709422,
        0.0009607509813688706,
        0.001021456011875068,
        0.0008468488469138395,
        0.0009442124466098633,
        0.0010415967703172803,
        0.0010918271324125606,
        0.001086349490447463,
        0.0010546560289893434,
        0.0009753148575201592,
        0.0008474952160983586,
        0.0008113296095094961,
        0.0006643377462466444,
        0.0007550827445841252,
        0.0008186606331216078,
        0.000911103513628732,
        0.000894434244311591
      ],
      "col_norms": [
        0.00391381692917154,
        0.00220207979954526,
        0.0017178179041052602,
        0.0010846401784026082,
        0.0011049527077833573,
        0.0009512872317994762,
        0.0010304934664080168,
        0.000866849118496664,
        0.000977451175176163,
        0.0010691102437329761,
        0.001111687142114828,
        0.0011088584422000527,
        0.0010678232731645696,
        0.0009816257470438724,
        0.0008520712570649535,
        0.000813555100556692,
        0.0006693037363983227,
        0.0007510546422348887,
        0.0008143383654639656,
        0.0009046867472399918,
        0.0008884045563738558
      ],
      "singular_values": [
        0.004310130364050791,
        0.002302088220786385,
        0.0017685030095013368,
        0.001106755775254222,
        0.0011080131097354132,
        0.0009642850897506397,
        0.0010260434911876994,
        0.0008626560710546338,
        0.000954434333729147,
        0.0010406874047576785,
        0.0010959763886343222,
        0.0010853525441280177,
        0.0010493958422417014,
        0.0009693756415985905,
        0.0008439718361036996,
        0.0008043000924020519,
        0.0006562857548308832,
        0.0007503684943867402,
        0.0008133888436657,
        0.0009034240472325179,
        0.0008842398420934939
      ],