{
  "dim": 64,
  "n_trials": 15,
  "structures": [
    "low_rank",
    "block_diagonal",
    "heterogeneous_norms"
  ],
  "components": [
    "row_norms",
    "col_norms",
    "singular_values",
    "spectral_gap",
    "condition_number",
    "effective_rank",
    "frobenius_norm",
    "overall_matrix"
  ],
  "settings": [
    "Standard",
    "With Multipliers"
  ],
  "component_improvement": {
    "low_rank": {
      "row_norms": {
        "standard_mean": 0.13364815551154313,
        "standard_std": 0.0009172837674325273,
        "multiplier_mean": 0.0944379728705129,
        "multiplier_std": 0.0021352046847053717,
        "improvement": 0.2933836422279966
      },
      "col_norms": {
        "standard_mean": 0.13376673716115187,
        "standard_std": 0.0009109134213569644,
        "multiplier_mean": 0.09457516743384792,
        "multiplier_std": 0.002122436042161096,
        "improvement": 0.29298441869064173
      },
      "singular_values": {
        "standard_mean": 0.13450401004813217,
        "standard_std": 0.0009194602815353975,
        "multiplier_mean": 0.09521122082316429,
        "multiplier_std": 0.002183838629499152,
        "improvement": 0.2921309871051948
      },
      "spectral_gap": {
        "standard_mean": 0.033609407069255345,
        "standard_std": 0.03921197772158166,
        "multiplier_mean": 0.04947825100383977,
        "multiplier_std": 0.035933272889184215,
        "improvement": -0.472154831588822
      },
      "condition_number": {
        "standard_mean": 0.9999989090909971,
        "standard_std": 1.4895025404367592e-06,
        "multiplier_mean": 0.9999985420528277,
        "multiplier_std": 1.6157313225199198e-06,
        "improvement": 3.670385698706369e-07
      },
      "effective_rank": {
        "standard_mean": 0.22499999999859377,
        "standard_std": 0.06373774391951145,
        "multiplier_mean": 0.06666666666625001,
        "multiplier_std": 0.053359368644940244,
        "improvement": 0.7037037037037037
      },
      "frobenius_norm": {
        "standard_mean": 0.13357821359450975,
        "standard_std": 0.0009134463588485777,
        "multiplier_mean": 0.09405716784654833,
        "multiplier_std": 0.0021879180797934666,
        "improvement": 0.29586445786684623
      },
      "overall_matrix": {
        "standard_mean": 0.1367060003453386,
        "standard_std": 0.0009359103672571965,
        "multiplier_mean": 0.09812577358224901,
        "multiplier_std": 0.0021743039809389076,
        "improvement": 0.2822131191434941
      }
    },
    "block_diagonal": {
      "row_norms": {
        "standard_mean": 0.1337622151514017,
        "standard_std": 0.0007557043394330488,
        "multiplier_mean": 0.009644919302548778,
        "multiplier_std": 0.0005714191432096461,
        "improvement": 0.9278950390315235
      },
      "col_norms": {
        "standard_mean": 0.1337766967424314,
        "standard_std": 0.0007546276991081328,
        "multiplier_mean": 0.009644256804429603,
        "multiplier_std": 0.0005964981054975619,
        "improvement": 0.9279077968041154
      },
      "singular_values": {
        "standard_mean": 0.13375768439970512,
        "standard_std": 0.0007524285157162656,
        "multiplier_mean": 0.008805656422520717,
        "multiplier_std": 0.0006777308997346496,
        "improvement": 0.9341670987948104
      },
      "spectral_gap": {
        "standard_mean": 0.035360694422973474,
        "standard_std": 0.07657126312159453,
        "multiplier_mean": 0.0008155133833185371,
        "multiplier_std": 0.0007415859267936076,
        "improvement": 0.9769372916277146
      },
      "condition_number": {
        "standard_mean": 0.10925556778898299,
        "standard_std": 0.1950501544052594,
        "multiplier_mean": 0.08731377218979573,
        "multiplier_std": 0.10935774913728859,
        "improvement": 0.2008299992689233
      },
      "effective_rank": {
        "standard_mean": 0.0010928961748615964,
        "standard_std": 0.004089243045647878,
        "multiplier_mean": 0.0010582010581993784,
        "multiplier_std": 0.003959425806103705,
        "improvement": 0.03174603174598156
      },
      "frobenius_norm": {
        "standard_mean": 0.13371355925362394,
        "standard_std": 0.0007548393111535005,
        "multiplier_mean": 0.0033538523163223646,
        "multiplier_std": 0.00025871923760458203,
        "improvement": 0.9749176348678231
      },
      "overall_matrix": {
        "standard_mean": 0.13540979043083087,
        "standard_std": 0.0007442723298012594,
        "multiplier_mean": 0.010990610700931793,
        "multiplier_std": 0.0005974374095035132,
        "improvement": 0.9188344456780919
      }
    },
    "heterogeneous_norms": {
      "row_norms": {
        "standard_mean": 0.1340152924797754,
        "standard_std": 0.0009991252265149422,
        "multiplier_mean": 0.04294596843120626,
        "multiplier_std": 0.004173947267780697,
        "improvement": 0.6795442696385761
      },
      "col_norms": {
        "standard_mean": 0.13406673282860337,
        "standard_std": 0.0009973665124460294,
        "multiplier_mean": 0.03638188950901409,
        "multiplier_std": 0.005454513848312093,
        "improvement": 0.7286285065548197
      },
      "singular_values": {
        "standard_mean": 0.13401529470408302,
        "standard_std": 0.0009957653199507434,
        "multiplier_mean": 0.039986042955437874,
        "multiplier_std": 0.00437597407160498,
        "improvement": 0.7016307501040803
      },
      "spectral_gap": {
        "standard_mean": 0.024145481216294496,
        "standard_std": 0.016863787896302433,
        "multiplier_mean": 0.04974035411370383,
        "multiplier_std": 0.045850148306231825,
        "improvement": -1.0600274506078895
      },
      "condition_number": {
        "standard_mean": 0.5263714053338453,
        "standard_std": 0.7850875748921243,
        "multiplier_mean": 0.6482694047392534,
        "multiplier_std": 1.4166838883100452,
        "improvement": -0.23158172759801743
      },
      "effective_rank": {
        "standard_mean": 0.0,
        "standard_std": 0.0,
        "multiplier_mean": 0.0032258064516077004,
        "multiplier_std": 0.006451612903215401,
        "improvement": -32258063.516077
      },
      "frobenius_norm": {
        "standard_mean": 0.13395914014203392,
        "standard_std": 0.0009895873457702537,
        "multiplier_mean": 0.034863825004896556,
        "multiplier_std": 0.005685047041958728,
        "improvement": 0.7397428427210624
      },
      "overall_matrix": {
        "standard_mean": 0.13607448374738554,
        "standard_std": 0.0009559911888365536,
        "multiplier_mean": 0.04558765583640097,
        "multiplier_std": 0.004298603350332682,
        "improvement": 0.6649801301393741
      }
    }
  }
}